id,title,thumbnail,short_description,game_url,genre,platform,publisher,developer,release_date,freetogame_profile_url,release_year,title_match,gamerpower_id,gamerpower_worth,gamerpower_type,gamerpower_platforms,gamerpower_status,gamerpower_users,gamerpower_published_date,gamerpower_end_date,gamerpower_url,mmobomb_id,mmobomb_genre,mmobomb_platform,mmobomb_publisher,mmobomb_developer,mmobomb_release_date,mmobomb_profile_url,genre_match,platform_match,publisher_match,developer_match
45,SoulWorker,https://www.freetogame.com/g/45/thumbnail.jpg,A free to play anime action MMO based on the popular anime of the same title.,https://www.freetogame.com/open/soulworker,MMORPG,PC (Windows),G・O・P,VALOFE,2018-02-27,https://www.freetogame.com/soulworker,2018,soulworker,,,,,,,,,,45.0,MMORPG,PC (Windows),G・O・P,VALOFE,2018-02-27,https://www.mmobomb.com/soulworker,True,True,True,True
58,The Ultimatest Battle,https://www.freetogame.com/g/58/thumbnail.jpg,A free-to-play 2D platform game that pits two teams of players against each other in a variety of modes.,https://www.freetogame.com/open/the-ultimatest-battle,Fighting,PC (Windows),Ediogames,Ediogames,2017-09-12,https://www.freetogame.com/the-ultimatest-battle,2017,the ultimatest battle,,,,,,,,,,58.0,Fighting,PC (Windows),Ediogames,Ediogames,2017-09-12,https://www.mmobomb.com/the-ultimatest-battle,True,True,True,True
89,AdventureQuest 3D,https://www.freetogame.com/g/89/thumbnail.jpg,A free to play cross-platform MMORPG from the creators of the original 2D RPG game.,https://www.freetogame.com/open/adventurequest-3d,MMORPG,PC (Windows),Artix Entertainment,Artix Entertainment,2016-10-19,https://www.freetogame.com/adventurequest-3d,2016,adventurequest 3d,,,,,,,,,,89.0,MMORPG,PC (Windows),Artix Entertainment,Artix Entertainment,2016-10-19,https://www.mmobomb.com/adventurequest-3d,True,True,True,True
119,Fantasy Tales Online,https://www.freetogame.com/g/119/thumbnail.jpg,"A free-to-play, retro MMO featuring puzzles, a rich crafting system and Randomly generated dungeons!",https://www.freetogame.com/open/fantasy-tales-online,MMORPG,PC (Windows),Cold Tea Studio,Cold Tea Studio,2016-05-06,https://www.freetogame.com/fantasy-tales-online,2016,fantasy tales online,,,,,,,,,,119.0,MMORPG,PC (Windows),Cold Tea Studio,Cold Tea Studio,2016-05-06,https://www.mmobomb.com/fantasy-tales-online,True,True,True,True
124,Holodrive,https://www.freetogame.com/g/124/thumbnail.jpg,"A free-to-play 2D multiplayer shooter developed by BitCake Studio and published by Versus Evil in which players play as customizable robots or ""Dummys"".",https://www.freetogame.com/open/holodrive,Shooter,PC (Windows),Versus Evil,BitCake Studio,2016-03-24,https://www.freetogame.com/holodrive,2016,holodrive,,,,,,,,,,124.0,Shooter,PC (Windows),Versus Evil,BitCake Studio,2016-03-24,https://www.mmobomb.com/holodrive,True,True,True,True
184,Blockade 3D,https://www.freetogame.com/g/184/thumbnail.jpg,A free to play FPS in an editable procedural world.,https://www.freetogame.com/open/blockade-3d,Shooter,PC (Windows),Shumkov Dmitriy,Shumkov Dmitriy,2014-11-05,https://www.freetogame.com/blockade-3d,2014,blockade 3d,,,,,,,,,,184.0,Shooter,PC (Windows),Shumkov Dmitriy,Shumkov Dmitriy,2014-11-05,https://www.mmobomb.com/blockade-3d,True,True,True,True
209,Freestyle2: Street Basketball,https://www.freetogame.com/g/209/thumbnail.jpg,A free to play MMO street basketball game. Team up with the best street ballers!,https://www.freetogame.com/open/freestyle2-street-basketball,Sports,PC (Windows),Joycity,Joycity,2014-06-20,https://www.freetogame.com/freestyle2-street-basketball,2014,freestyle2: street basketball,,,,,,,,,,209.0,Sports,PC (Windows),Joycity,Joycity,2014-06-20,https://www.mmobomb.com/freestyle2-street-basketball,True,True,True,True
271,Asda Global,https://www.freetogame.com/g/271/thumbnail.jpg,A 3D anime-inspired fantasy MMORPG and is the successor to the original Asda Story.,https://www.freetogame.com/open/asda-global,MMORPG,PC (Windows),GamenGame,Maxonsoft,2011-05-19,https://www.freetogame.com/asda-global,2011,asda global,,,,,,,,,,271.0,MMORPG,PC (Windows),GamenGame,Maxonsoft,2011-05-19,https://www.mmobomb.com/asda-global,True,True,True,True
357,Vikings: War Of Clans,https://www.freetogame.com/g/357/thumbnail.jpg,A free-to-play MMO strategy game developed and published by Plarium.,https://www.freetogame.com/open/vikings-war-of-clans,Strategy,Web Browser,Plarium,Plarium,2015-04-15,https://www.freetogame.com/vikings-war-of-clans,2015,vikings: war of clans,,,,,,,,,,357.0,Strategy,Web Browser,Plarium,Plarium,2015-04-15,https://www.mmobomb.com/vikings-war-of-clans,True,True,True,True
371,League of Angels 2,https://www.freetogame.com/g/371/thumbnail.jpg,A free to play browser MMORPG that captures all the beauty and elegance of its predecessor.,https://www.freetogame.com/open/league-angels-2,MMORPG,Web Browser,GTArcade,GTArcade,2016-04-06,https://www.freetogame.com/league-angels-2,2016,league of angels 2,,,,,,,,,,371.0,MMORPG,Web Browser,GTArcade,GTArcade,2016-04-06,https://www.mmobomb.com/league-angels-2,True,True,True,True
388,Lord’s Road,https://www.freetogame.com/g/388/thumbnail.jpg,A free-to-play 2D browser-based fantasy MMORPG that features two playable classes.,https://www.freetogame.com/open/lords-road,MMORPG,Web Browser,AMZGame,AMZGame,2015-06-03,https://www.freetogame.com/lords-road,2015,lord’s road,,,,,,,,,,388.0,MMORPG,Web Browser,AMZGame,AMZGame,2015-06-03,https://www.mmobomb.com/lords-road,True,True,True,True
476,Rogue Company,https://www.freetogame.com/g/476/thumbnail.jpg,"From Hi-Rez Studios, the team that brought you Smite and Paladins, comes Rogue Company, a cross-platform, competitive team-based third person shooter.",https://www.freetogame.com/open/rogue-company,Shooter,PC (Windows),Hi-Rez Studios,First Watch Games,2020-10-01,https://www.freetogame.com/rogue-company,2020,rogue company,,,,,,,,,,476.0,Shooter,PC (Windows),Hi-Rez Studios,First Watch Games,2020-10-01,https://www.mmobomb.com/rogue-company,True,True,True,True
542,World Boss,https://www.freetogame.com/g/542/thumbnail.jpg,An experimental FPS based on io and roguelike gameplay.,https://www.freetogame.com/open/world-boss,Shooter,PC (Windows),Playside,Playside,2022-10-19,https://www.freetogame.com/world-boss,2022,world boss,,,,,,,,,,1139.0,Shooter,PC (Windows),PlaySide,PlaySide,2022-10-19,https://www.mmobomb.com/world-boss,True,True,True,True
578,Predecessor,https://www.freetogame.com/g/578/thumbnail.jpg,A free-to-play MOBA shooter developed and published by Omeda Studios.,https://www.freetogame.com/open/predecessor,MOBA,PC (Windows),Omeda Studios,Omeda Studios,2024-03-28,https://www.freetogame.com/predecessor,2024,predecessor,,,,,,,,,,1177.0,MOBA,PC (Windows),Omeda Studios,Omeda Studios,2024-03-28,https://www.mmobomb.com/predecessor,True,True,True,True
621,2XKO,https://www.freetogame.com/g/621/thumbnail.jpg,A free-to-play 2v2 fighting game set in the League of Legends universe.,https://www.freetogame.com/open/2xko,Fighting,PC (Windows),Riot Games,Riot Games,2025-10-07,https://www.freetogame.com/2xko,2025,2xko,,,,,,,,,,1219.0,Fighting,PC (Windows),Riot Games,Riot Games,2025-10-07,https://www.mmobomb.com/2xko,True,True,True,True
630,My Hero Ultra Rumble,https://www.freetogame.com/g/630/thumbnail.jpg,A free-to-play 24-person battle royale based on My Hero Academia.,https://www.freetogame.com/open/my-hero-ultra-rumble,Battle Royale,PC (Windows),Bandai Namco,Bandai Namco,2023-09-28,https://www.freetogame.com/my-hero-ultra-rumble,2023,my hero ultra rumble,,,,,,,,,,1230.0,Battle Royale,PC (Windows),Bandai Namco Entertainment,Byking Inc.,2023-09-28,https://www.mmobomb.com/my-hero-ultra-rumble,True,True,False,False
635,Heartopia,https://www.freetogame.com/g/635/thumbnail.jpg,A free-to-play life simulation game for multiple players.,https://www.freetogame.com/open/heartopia,Social,PC (Windows),XD,XD,2026-01-16,https://www.freetogame.com/heartopia,2026,heartopia,,,,,,,,,,1231.0,Social,PC (Windows),XD International,XD International,2026-01-16,https://www.mmobomb.com/heartopia,True,True,False,False
636,Arknights: Endfield,https://www.freetogame.com/g/636/thumbnail.jpg,A free-to-play RTS RPG gacha game.,https://www.freetogame.com/open/arknights-endfield,Strategy,PC (Windows),GRYPHLINE,Hypergryph,2026-01-21,https://www.freetogame.com/arknights-endfield,2026,arknights: endfield,,,,,,,,,,,,,,,,,,,,
646,Gloria Victis,https://www.freetogame.com/g/646/thumbnail.jpg,A free-to-play low-fantasy medieval MMORPG.,https://www.freetogame.com/open/gloria-victis,MMORPG,PC (Windows),Gamigo,Gamigo,2026-06-17,https://www.freetogame.com/gloria-victis,2026,gloria victis,,,,,,,,,,1240.0,MMORPG,PC (Windows),Gamigo,Gamigo,2026-06-17,https://www.mmobomb.com/gloria-victis,True,True,True,True
650,Tyr,https://www.freetogame.com/g/650/thumbnail.jpg,A free-to-play tank shooter with customizable skill trees.,https://www.freetogame.com/open/tyr,Shooter,PC (Windows),Stoke Games,Stoke Games,2026-09-02,https://www.freetogame.com/tyr,2026,tyr,,,,,,,,,,1244.0,Shooter,PC (Windows),Stoke Games,Stoke Games,2026-09-02,https://www.mmobomb.com/tyr,True,True,True,True
